切片#,起,止,序号,普通话,通城话,音标,文件
1,0.52,1.33,11,马悦,,ma31 wie45,0001_马悦.wav
2,2.98,3.33,11,马悦,,ma31 wie45,0002_马悦.wav
3,4.79,5.2,12,端午节,端午节,ton212 u31 teien45,0003_端午节.wav
4,8.41,8.88,12,端午节,端午节,ton212 u31 teien45,0004_端午节.wav
5,10.17,10.72,14,除夕,三十日*,san212 san45 nin45 ne21,0005_除夕.wav
6,12.11,12.58,15,今年,今年,tein212 nien22,0006_今年.wav
7,14.04,14.55,15,今年,今年,tein212 nien22,0007_今年.wav
8,18.19,18.63,16,明年,明年,mian?2 nien22,0008_明年.wav
9,20.15,20.47,17,去年,旧年,ziou34 nien21,0009_去年.wav
10,22.17,22.68,17,去年,旧年,ziou34 nien21,0010_去年.wav
11,26.65,27.24,18,明天,明日,miang* nin33,0011_明天.wav
12,28.82,29.44,19,昨天,昨日,Zo45 nin33,0012_昨天.wav
13,31.1,31.76,19,昨天,昨日,Zo45 nin33,0013_昨天.wav
14,33.59,34.03,20,今天,今日,tein212 nin33,0014_今天.wav
15,35.7,36.31,20,今天,今日,tein212 nin33,0015_今天.wav
16,37.89,38.47,21,星期天,星期天,,0016_星期天.wav
17,40.22,40.82,22,麦子,小麦,6iau31 ma45,0017_麦子.wav
18,42.82,43.41,22,麦子,小麦,6iau31 ma45,0018_麦子.wav
19,45.01,45.51,23,大米,大米,,0019_大米.wav
20,47.21,47.73,24,蚕豆,口豌豆*,ma45 won21 diau33 de21,0020_蚕豆.wav
21,49.53,50.13,24,蚕豆,口豌豆*,ma45 won21 diau33 de21,0021_蚕豆.wav
22,55.33,55.8,25,向日葵,葵花,wi22 fa212,0022_向日葵.wav
23,57.44,57.88,26,菠菜,扯筋菜,za31 tein212 zai13,0023_菠菜.wav
24,59.72,60.31,26,菠菜,扯筋菜,za31 tein212 zai13,0024_菠菜.wav
25,61.67,62.24,27,卷心菜,包心白,pau?12 cin?1 ba45,0025_卷心菜.wav
26,63.91,64.48,27,卷心菜,包心白,pau?12 cin?1 ba45,0026_卷心菜.wav
27,65.95,66.63,28,西红柿,西红柿,Gi1212 fang2 s34,0027_西红柿.wav
28,68.19,68.8,29,茄子,茄嘞*,We22 de21,0028_茄子.wav
29,70.96,71.3,29,茄子,茄嘞*,We22 de21,0029_茄子.wav
30,73.28,73.76,30,白薯,薯坨,fi22 do21,0030_白薯.wav
31,75.38,75.78,31,马铃薯,洋芋,ion22 y33,0031_马铃薯.wav
32,77.54,78.13,31,马铃薯,洋芋,ion22 y33,0032_马铃薯.wav
33,84.98,85.3,32,南瓜,北瓜,pe4$5 kwa212,0033_南瓜.wav
34,89.51,89.99,34,公猪,脚猪,,0034_公猪.wav
35,91.7,92.03,34,公猪,脚猪,,0035_公猪.wav
36,94.33,94.79,36,公鸡,样鸡,ion34 tei212,0036_公鸡.wav
37,96.37,97.02,37,母鸡,鸡婆,tei212 bo21,0037_母鸡.wav
38,98.65,99.01,37,母鸡,鸡婆,tei212 bo21,0038_母鸡.wav
39,100.87,101.4,38,麻雀,麻雀,ma22 zio45,0039_麻雀.wav
40,106.25,106.73,38,麻雀,麻雀,ma22 zio45,0040_麻雀.wav
41,108.32,108.77,39,老鼠,老鼠,nau31 fy33,0041_老鼠.wav
42,110.53,111.05,40,臭虫,打屁虫,ta31 bi13 zan22,0042_臭虫.wav
43,112.63,113.27,40,臭虫,打屁虫,ta31 bi13 zan22,0043_臭虫.wav
44,115.18,115.61,35,母猪,猪婆,tey212 bo21,0044_母猪.wav
45,117.59,118.2,42,房间,,fonp22,0045_房间.wav
46,120.02,120.59,42,房间,,fonp22,0046_房间.wav
47,122.62,122.95,43,窗户,纱窗,sa212 zom?1,0047_窗户.wav
48,124.93,125.45,44,门槛,门插,men22 zan33,0048_门槛.wav
49,131.48,132.11,44,门槛,门插,men22 zan33,0049_门槛.wav
50,133.73,134.22,45,厕所,茅厕,mau2 s?1,0050_厕所.wav
51,136.11,136.51,45,厕所,茅厕,mau2 s?1,0051_厕所.wav
52,138.2,138.66,46,厨房,厨屋,zy22 u33,0052_厨房.wav
53,142.56,143.03,47,烟肉,烟肉,ien212 zan?1,0053_烟肉.wav
54,144.62,144.95,47,烟肉,烟肉,ien212 zan?1,0054_烟肉.wav
55,146.79,147.46,48,桌子,桌*,tso45 de21,0055_桌子.wav
56,151.4,151.79,41,房子,屋者*,u45 tse21,0056_房子.wav
57,153.69,154.11,41,房子,屋者*,u45 tse21,0057_房子.wav
58,155.79,156.14,50,脑壳,,nau31 ho33,0058_脑壳.wav
59,161.23,161.6,53,鼻子,鼻拱,bi45 kan21,0059_鼻子.wav
60,163.22,163.62,53,鼻子,鼻拱,bi45 kan21,0060_鼻子.wav
61,165.17,165.71,54,脖子,,teiap31,0061_脖子.wav
62,167.06,167.53,54,脖子,,teiap31,0062_脖子.wav
63,169.21,169.75,55,左手,左手,tso31 sou31,0063_左手.wav
64,171.34,171.62,56,右手,右手,iou34 sau31,0064_右手.wav
65,173.69,174.22,56,右手,右手,iou34 sau31,0065_右手.wav
66,175.68,176.11,57,拳头,锤头鼓*,zy22 diau21 ku31 de21,0066_拳头.wav
67,178.09,178.64,58,手指头,手指,Sou31 t33,0067_手指头.wav
68,180.33,180.78,58,手指头,手指,Sou31 t33,0068_手指头.wav
69,182.36,183.16,59,指甲,质甲,ts145 ka33,0069_指甲.wav
70,184.65,185.09,60,膝盖,膝头拱*,se45 diau?1 kan31 ne21,0070_膝盖.wav
71,187.4,187.85,60,膝盖,膝头拱*,se45 diau?1 kan31 ne21,0071_膝盖.wav
72,189.42,189.88,61,脚梗嘞*,,"teio45 k""an3' ne21",0072_脚梗嘞.wav
73,191.77,192.34,61,脚梗*,,teio45 kWan31 ne21,0073_脚梗.wav
74,193.88,194.32,61,脚梗*,,teio45 kWan31 ne21,0074_脚梗.wav
75,195.75,196.27,62,爸爸,伯伯面称,pa' pa?1,0075_爸爸.wav
76,200.49,200.78,62,爸爸,伯伯面称,pa' pa?1,0076_爸爸.wav
77,205.91,206.47,63,妈妈,妈妈面称,ma212 ma21,0077_妈妈.wav
78,209.71,210.26,65,奶奶,细爹,Gil3 tia21,0078_奶奶.wav
79,212.14,212.53,65,奶奶,细爹,Gil3 tia21,0079_奶奶.wav
80,214.04,214.61,66,伯父,大伯,dai34 pa45,0080_伯父.wav
81,215.99,216.3,68,叔叔,爷爷,ia2 ia21,0081_叔叔.wav
82,218.05,218.58,68,叔叔,爷爷,ia2 ia21,0082_叔叔.wav
83,220.0,220.49,69,细妈,,ei13 ma212,0083_细妈.wav
84,222.04,222.55,70,外祖父,阿婆大爹,na212 bo21 dai33 tia21,0084_外祖父.wav
85,224.12,224.58,70,外祖父,阿婆大爹,na212 bo21 dai33 tia21,0085_外祖父.wav
86,226.1,226.46,71,外祖母,阿婆细爹,a212 bo21 i13 tia21,0086_外祖母.wav
87,228.28,228.72,71,外祖母,阿婆细爹,a212 bo21 i13 tia21,0087_外祖母.wav
88,230.4,230.92,72,舅舅,舅爷,zisu34 ia21,0088_舅舅.wav
89,236.68,237.21,73,舅妈,舅娘,zror +nez,0089_舅妈.wav
90,238.66,238.97,73,舅妈,舅娘,zror +nez,0090_舅妈.wav
91,240.66,241.24,74,丈夫,老脚,nau31 tei045,0091_丈夫.wav
92,242.53,242.83,75,妻子,姑嘞*,ku212 de21,0092_妻子.wav
93,245.46,246.03,75,妻子,姑嘞*,ku212 de21,0093_妻子.wav
94,247.56,247.84,76,儿子,,tsai31,0094_儿子.wav
95,249.8,250.39,77,女儿,,ny31,0095_女儿.wav
96,252.02,252.5,77,女儿,,ny31,0096_女儿.wav
97,254.39,254.79,72,舅爷,,ziou34 ia21,0097_舅爷.wav
98,259.9,260.33,72,舅爷,,ziou34 ia21,0098_舅爷.wav
99,262.48,262.97,78,早饭,早饭,tsau31 fan33,0099_早饭.wav
100,264.61,265.15,80,晚饭,夜饭,ia34 fan33,0100_晚饭.wav
101,266.76,267.35,80,晚饭,夜饭,ia34 fan33,0101_晚饭.wav
102,273.68,274.03,82,馒头,馍馍,mo212 mo21,0102_馒头.wav
103,275.81,276.14,83,包子,包子,pau212 t?1,0103_包子.wav
104,281.32,281.78,83,包子,包子,pau212 t?1,0104_包子.wav
105,286.22,286.56,84,馄饨,包面,pau212 mien33,0105_馄饨.wav
106,288.07,288.38,88,筷子,筷子,wai13 ts??1,0106_筷子.wav
107,290.02,290.33,88,筷子,筷子,wai13 ts??1,0107_筷子.wav
108,291.83,292.27,89,勺子,匙嘞*,s de21,0108_勺子.wav
109,293.47,293.82,79,午饭,中饭,,0109_午饭.wav
110,295.08,295.46,79,午饭,中饭,,0110_午饭.wav
111,297.25,297.7,90,男人,男个,non22 ko21,0111_男人.wav
112,301.46,302.01,90,男人,男个,non22 ko21,0112_男人.wav
113,303.72,304.2,91,女人,女个,,0113_女人.wav
114,305.75,306.15,92,男孩,男患*,non22 tsai31 de21,0114_男孩.wav
115,310.11,310.53,92,男孩,男患*,non22 tsai31 de21,0115_男孩.wav
116,312.05,312.4,93,女孩,女患*,ny31 tsai31 de21,0116_女孩.wav
117,314.83,315.19,94,老头儿,老脚,nau31 teio45,0117_老头儿.wav
118,317.38,317.85,94,老头儿,老脚,nau31 teio45,0118_老头儿.wav
119,319.25,319.73,95,医生,医师,212 sm?1,0119_医生.wav
120,321.23,321.77,96,厨师,,"zy22 k""on?1",0120_厨师.wav
121,323.55,324.15,96,厨师,,"zy22 k""on?1",0121_厨师.wav
122,325.68,326.09,97,乞丐,讨米个,dau31 mi31 ko21,0122_乞丐.wav
123,329.89,330.44,97,乞丐,讨米个,dau31 mi31 ko21,0123_乞丐.wav
124,331.91,332.67,97,讨米个,,dau31 mi31 ko21,0124_讨米个.wav
125,334.3,335.01,98,保姆,保姆,,0125_保姆.wav
126,336.77,337.34,98,保姆,保姆,,0126_保姆.wav
127,339.27,339.93,100,伤风,冻倒*,tan13 tau21 de21,0127_伤风.wav
128,341.77,342.05,101,泻肚,肚*厨,dou33 de21 wo212,0128_泻肚.wav
129,344.06,344.66,101,泻肚,肚*厨,dou33 de21 wo212,0129_泻肚.wav
130,346.25,346.78,102,瘤子,跛子,pai34 ts?1,0130_瘤子.wav
131,351.39,351.65,103,驼背,驼背,do22 pi13,0131_驼背.wav
132,353.27,353.7,103,驼背,驼背,do22 pi13,0132_驼背.wav
133,355.18,355.67,109,我们,我*,o31 de21,0133_我们.wav
134,357.21,357.62,109,我们,我*,o31 de21,0134_我们.wav
135,358.99,359.31,111,他们,嘞*,ie31 de21,0135_他们.wav
136,360.99,361.39,112,咱们,我嘞*,o31 de21,0136_咱们.wav
137,362.94,363.27,112,咱们,我嘞*,o31 de21,0137_咱们.wav
138,367.89,368.38,114,那个,,nal3 ko33,0138_那个.wav
139,369.94,370.31,115,什么,么嘞*,mo31 de21,0139_什么.wav
140,371.9,372.37,115,什么,么嘞*,mo31 de21,0140_什么.wav
141,373.83,374.19,116,这里,这嘞*,ke31 de21,0141_这里.wav
142,375.74,376.16,117,那里,巨*,ie31 de21,0142_那里.wav
143,377.64,378.07,117,那里,巨*,ie31 de21,0143_那里.wav
144,379.58,379.89,118,哪里,那嘞*,nal de21,0144_哪里.wav
145,381.34,381.68,119,这个,这个,ke13 ko33,0145_这个.wav
146,383.19,383.58,119,这个,这个,ke13 ko33,0146_这个.wav
147,384.79,385.26,120,那个,许个,hai13 ko33,0147_那个.wav
148,386.51,387.08,120,那个,许个,hai13 ko33,0148_那个.wav
149,388.43,388.82,121,哪一个,那个,na13 k33,0149_哪一个.wav
150,390.02,390.56,122,怎么样,若样,nio$ nion?1,0150_怎么样.wav
151,391.67,391.95,122,怎么样,若样,nio$ nion?1,0151_怎么样.wav
152,393.4,393.88,129,听一下,听一下,dian13 ;45 ha33,0152_听一下.wav
153,395.14,395.59,131,上头,上底,son34 ti21,0153_上头.wav
154,396.86,397.35,131,上头,上底,son34 ti21,0154_上头.wav
155,402.2,402.72,132,下头,下底,,0155_下头.wav
156,403.87,404.29,133,左边,左边,tso3 pien212,0156_左边.wav
157,405.68,406.1,133,左边,左边,tso3 pien212,0157_左边.wav
158,407.53,408.0,134,右边,右边,iou34 pien212,0158_右边.wav
159,411.04,411.46,134,右边,右边,iou34 pien212,0159_右边.wav
160,412.73,413.17,135,肚*,,dou34 de21,0160_肚.wav
161,414.51,414.82,136,里面,内底,ni34 ti21,0161_里面.wav
162,416.23,416.7,136,里面,内底,ni34 ti21,0162_里面.wav
163,419.85,420.2,135,当中,肚*,dou34 de21,0163_当中.wav
164,421.28,421.69,153,干净,干净,kon212 zin21,0164_干净.wav
165,422.65,423.03,153,干净,干净,kon212 zin21,0165_干净.wav
166,424.08,424.44,154,便宜,便宜,be22 j21,0166_便宜.wav
167,425.28,425.6,157,刚 (好),,tsan 13,0167_刚 (好).wav
168,426.59,426.87,157,刚 (好),,tsan 13,0168_刚 (好).wav
169,427.79,428.15,175,十二,十二,San45 y33,0169_十二.wav
170,429.24,429.51,175,十二,十二,San45 y33,0170_十二.wav
171,431.85,432.12,176,二十,二十,y34 san45,0171_二十.wav
172,433.4,433.85,178,一百二十一,一百二十一,14$ pat'5 y3 s21 j45,0172_一百二十一.wav
173,434.8,435.28,178,一百二十一,一百二十一,14$ pat'5 y3 s21 j45,0173_一百二十一.wav
174,436.25,436.88,179,第一,第一,di33 ;45,0174_第一.wav
175,437.9,438.49,180,第二,第二,di33 y34,0175_第二.wav
176,439.7,440.63,180,第二,第二,di33 y34,0176_第二.wav
177,442.25,442.75,181,二里,两里,ion31 di31,0177_二里.wav
178,443.92,444.44,182,二两,二两,y34 dion31,0178_二两.wav
179,445.66,446.17,182,二两,二两,y34 dion31,0179_二两.wav
180,447.55,448.02,181,两里,,ion31 di31,0180_两里.wav
