部分,序号,起(s),止(s),时长(s),切片文件,画面文字(首行)
p1,1,0.74,2.31,1.57,p1_0001_0.7-2.3s.wav,现代汉语方言音库
p1,2,2.61,3.59,0.98,p1_0002_2.6-3.6s.wav,现代汉语方言音库
p1,3,3.86,4.26,0.4,p1_0003_3.9-4.3s.wav,现代汉语方言音库
p1,4,9.68,10.32,0.64,p1_0004_9.7-10.3s.wav,
p1,5,10.98,11.33,0.35,p1_0005_11.0-11.3s.wav,1. 1
p1,6,12.28,12.78,0.5,p1_0006_12.3-12.8s.wav,1. 1
p1,7,13.56,13.86,0.3,p1_0007_13.6-13.9s.wav,1. 1
p1,8,14.88,15.41,0.53,p1_0008_14.9-15.4s.wav,1. 1
p1,9,16.09,16.48,0.39,p1_0009_16.1-16.5s.wav,1. 1
p1,10,17.33,17.72,0.39,p1_0010_17.3-17.7s.wav,1. 1
p1,11,18.59,18.99,0.4,p1_0011_18.6-19.0s.wav,1. 1
p1,12,20.03,20.55,0.52,p1_0012_20.0-20.6s.wav,1. 1
p1,13,21.33,21.78,0.45,p1_0013_21.3-21.8s.wav,1. 1
p1,14,22.62,22.96,0.34,p1_0014_22.6-23.0s.wav,1. 1
p1,15,23.98,24.36,0.38,p1_0015_24.0-24.4s.wav,1. 1
p1,16,25.57,26.09,0.52,p1_0016_25.6-26.1s.wav,1. 1
p1,17,26.92,27.35,0.43,p1_0017_26.9-27.4s.wav,1. 1
p1,18,28.33,28.66,0.33,p1_0018_28.3-28.7s.wav,1. 1
p1,19,29.75,30.2,0.45,p1_0019_29.8-30.2s.wav,1. 1
p1,20,32.3,32.89,0.59,p1_0020_32.3-32.9s.wav,
p1,21,33.63,34.08,0.45,p1_0021_33.6-34.1s.wav,1. 1
p1,22,35.04,35.54,0.5,p1_0022_35.0-35.5s.wav,1. 1
p1,23,36.43,36.88,0.45,p1_0023_36.4-36.9s.wav,1. 1
p1,24,37.95,38.55,0.6,p1_0024_38.0-38.5s.wav,1. 1
p1,25,39.37,39.8,0.43,p1_0025_39.4-39.8s.wav,1. 1
p1,26,40.76,41.33,0.57,p1_0026_40.8-41.3s.wav,1. 1
p1,27,42.14,42.73,0.59,p1_0027_42.1-42.7s.wav,1. 1
p1,28,43.68,44.26,0.58,p1_0028_43.7-44.3s.wav,1. 1
p1,29,45.01,45.43,0.42,p1_0029_45.0-45.4s.wav,
p1,30,46.33,46.79,0.46,p1_0030_46.3-46.8s.wav,1. 1
p1,31,47.6,48.11,0.51,p1_0031_47.6-48.1s.wav,1. 1
p1,32,50.46,50.94,0.48,p1_0032_50.5-50.9s.wav,1. 1
p1,33,51.73,52.11,0.38,p1_0033_51.7-52.1s.wav,1. 1
p1,34,53.0,53.4,0.4,p1_0034_53.0-53.4s.wav,1. 1
p1,35,54.25,54.67,0.42,p1_0035_54.2-54.7s.wav,1. 1
p1,36,55.56,56.11,0.55,p1_0036_55.6-56.1s.wav,1. 1
p1,37,56.81,57.32,0.51,p1_0037_56.8-57.3s.wav,1. 1
p1,38,58.08,58.54,0.46,p1_0038_58.1-58.5s.wav,1. 1
p1,39,61.01,61.53,0.52,p1_0039_61.0-61.5s.wav,1. 1
p1,40,62.38,62.69,0.31,p1_0040_62.4-62.7s.wav,1. 1
p1,41,63.73,64.08,0.35,p1_0041_63.7-64.1s.wav,1. 1
p1,42,64.95,65.21,0.26,p1_0042_65.0-65.2s.wav,
p1,43,67.59,67.97,0.38,p1_0043_67.6-68.0s.wav,1. 1
p1,44,68.87,69.34,0.47,p1_0044_68.9-69.3s.wav,1. 1
p1,45,70.32,70.73,0.41,p1_0045_70.3-70.7s.wav,1. 1
p1,46,71.58,71.99,0.41,p1_0046_71.6-72.0s.wav,1. 1
p1,47,73.05,73.53,0.48,p1_0047_73.0-73.5s.wav,1. 1
p1,48,74.35,74.86,0.51,p1_0048_74.3-74.9s.wav,1. 1
p1,49,75.68,76.18,0.5,p1_0049_75.7-76.2s.wav,1. 1
p1,50,76.99,77.25,0.26,p1_0050_77.0-77.2s.wav,1. 1
p1,51,79.49,80.1,0.61,p1_0051_79.5-80.1s.wav,
p1,52,80.82,81.24,0.42,p1_0052_80.8-81.2s.wav,1. 1
p1,53,82.11,82.54,0.43,p1_0053_82.1-82.5s.wav,1. 1
p1,54,83.36,83.95,0.59,p1_0054_83.4-84.0s.wav,1. 1
p1,55,84.85,85.4,0.55,p1_0055_84.8-85.4s.wav,
p1,56,86.16,86.66,0.5,p1_0056_86.2-86.7s.wav,1. 1
p1,57,87.44,87.99,0.55,p1_0057_87.4-88.0s.wav,
p1,58,88.82,89.14,0.32,p1_0058_88.8-89.1s.wav,1. 1
p1,59,91.72,92.25,0.53,p1_0059_91.7-92.2s.wav,1. 1
p1,60,93.02,93.39,0.37,p1_0060_93.0-93.4s.wav,1. 1
p1,61,94.35,94.83,0.48,p1_0061_94.3-94.8s.wav,1. 1
p1,62,95.68,96.23,0.55,p1_0062_95.7-96.2s.wav,1. 1
p1,63,97.61,98.27,0.66,p1_0063_97.6-98.3s.wav,1. 1
p1,64,98.99,99.56,0.57,p1_0064_99.0-99.6s.wav,1. 1
p1,65,100.36,100.93,0.57,p1_0065_100.4-100.9s.wav,1. 1
p1,66,101.78,102.2,0.42,p1_0066_101.8-102.2s.wav,1. 1
p1,67,103.3,103.67,0.37,p1_0067_103.3-103.7s.wav,1. 1
p1,68,104.57,105.0,0.43,p1_0068_104.6-105.0s.wav,1. 1
p1,69,105.8,106.37,0.57,p1_0069_105.8-106.4s.wav,1. 1
p1,70,107.09,107.33,0.24,p1_0070_107.1-107.3s.wav,1. 1
p1,71,110.48,110.99,0.51,p1_0071_110.5-111.0s.wav,1. 1
p1,72,111.69,112.04,0.35,p1_0072_111.7-112.0s.wav,1. 1
p1,73,112.99,113.5,0.51,p1_0073_113.0-113.5s.wav,1. 1
p1,74,114.29,114.81,0.52,p1_0074_114.3-114.8s.wav,1. 1
p1,75,115.89,116.47,0.58,p1_0075_115.9-116.5s.wav,1. 1
p1,76,117.31,117.92,0.61,p1_0076_117.3-117.9s.wav,1. 1
p1,77,118.58,119.23,0.65,p1_0077_118.6-119.2s.wav,1. 1
p1,78,120.06,120.49,0.43,p1_0078_120.1-120.5s.wav,1. 1
p1,79,121.57,122.03,0.46,p1_0079_121.6-122.0s.wav,1. 1
p1,80,122.94,123.37,0.43,p1_0080_122.9-123.4s.wav,1. 1
p1,81,124.26,124.67,0.41,p1_0081_124.3-124.7s.wav,1. 1
p1,82,125.56,126.08,0.52,p1_0082_125.6-126.1s.wav,1. 1
p1,83,138.46,138.89,0.43,p1_0083_138.5-138.9s.wav,1.2
p1,84,139.74,140.14,0.4,p1_0084_139.7-140.1s.wav,1.2
p1,85,141.07,141.43,0.36,p1_0085_141.1-141.4s.wav,1.2
p1,86,142.37,142.67,0.3,p1_0086_142.4-142.7s.wav,1.2
p1,87,143.56,144.03,0.47,p1_0087_143.6-144.0s.wav,1.2
p1,88,144.77,145.29,0.52,p1_0088_144.8-145.3s.wav,1.2
p1,89,146.14,146.54,0.4,p1_0089_146.1-146.5s.wav,1.2
p1,90,149.36,149.94,0.58,p1_0090_149.4-149.9s.wav,1.2
p1,91,150.64,151.23,0.59,p1_0091_150.6-151.2s.wav,1.2
p1,92,151.99,152.61,0.62,p1_0092_152.0-152.6s.wav,1.2
p1,93,153.31,153.87,0.56,p1_0093_153.3-153.9s.wav,1.2
p1,94,154.6,155.19,0.59,p1_0094_154.6-155.2s.wav,1.2
p1,95,155.93,156.55,0.62,p1_0095_155.9-156.6s.wav,1.2
p1,96,160.85,161.49,0.64,p1_0096_160.8-161.5s.wav,1.2
p1,97,162.17,162.79,0.62,p1_0097_162.2-162.8s.wav,1.2
p1,98,163.69,164.28,0.59,p1_0098_163.7-164.3s.wav,1.2
p1,99,165.04,165.65,0.61,p1_0099_165.0-165.7s.wav,1.2
p1,100,166.5,167.15,0.65,p1_0100_166.5-167.2s.wav,1.2
p1,101,167.91,168.61,0.7,p1_0101_167.9-168.6s.wav,1.2
p1,102,169.43,169.98,0.55,p1_0102_169.4-170.0s.wav,1.2
p1,103,173.94,174.37,0.43,p1_0103_173.9-174.4s.wav,1.2
p1,104,175.34,175.79,0.45,p1_0104_175.3-175.8s.wav,1.2
p1,105,176.84,177.32,0.48,p1_0105_176.8-177.3s.wav,1.2
p1,106,178.3,178.76,0.46,p1_0106_178.3-178.8s.wav,1.2
p1,107,179.75,180.35,0.6,p1_0107_179.8-180.3s.wav,1.2
p1,108,181.42,182.04,0.62,p1_0108_181.4-182.0s.wav,1.2
p1,109,188.34,188.91,0.57,p1_0109_188.3-188.9s.wav,1. 2
p1,110,189.92,190.45,0.53,p1_0110_189.9-190.4s.wav,
p1,111,191.56,192.06,0.5,p1_0111_191.6-192.1s.wav,1. 2
p1,112,193.12,193.63,0.51,p1_0112_193.1-193.6s.wav,1. 2
p1,113,194.78,195.2,0.42,p1_0113_194.8-195.2s.wav,1. 2
p1,114,196.28,196.68,0.4,p1_0114_196.3-196.7s.wav,1. 2
p1,115,199.95,200.49,0.54,p1_0115_199.9-200.5s.wav,
p1,116,201.57,202.09,0.52,p1_0116_201.6-202.1s.wav,1. 2
p1,117,203.2,203.78,0.58,p1_0117_203.2-203.8s.wav,1. 2
p1,118,204.83,205.42,0.59,p1_0118_204.8-205.4s.wav,
p1,119,206.51,207.02,0.51,p1_0119_206.5-207.0s.wav,1. 2
p1,120,208.03,208.54,0.51,p1_0120_208.0-208.5s.wav,1. 2
p1,121,211.94,212.54,0.6,p1_0121_211.9-212.5s.wav,1.2
p1,122,213.7,214.28,0.58,p1_0122_213.7-214.3s.wav,1.2
p1,123,215.44,215.9,0.46,p1_0123_215.4-215.9s.wav,1. 2
p1,124,217.07,217.52,0.45,p1_0124_217.1-217.5s.wav,1. 2
p1,125,218.93,219.33,0.4,p1_0125_218.9-219.3s.wav,1. 2
p1,126,220.57,221.0,0.43,p1_0126_220.6-221.0s.wav,1. 2
p1,127,222.3,222.83,0.53,p1_0127_222.3-222.8s.wav,1. 2
p1,128,223.92,224.46,0.54,p1_0128_223.9-224.5s.wav,1. 2
p1,129,225.62,226.06,0.44,p1_0129_225.6-226.1s.wav,1. 2
p1,130,227.27,227.79,0.52,p1_0130_227.3-227.8s.wav,1. 2
p1,131,229.25,229.64,0.39,p1_0131_229.2-229.6s.wav,1. 2
p1,132,230.92,231.29,0.37,p1_0132_230.9-231.3s.wav,1. 2
p1,133,237.08,237.67,0.59,p1_0133_237.1-237.7s.wav,
p1,134,238.65,239.26,0.61,p1_0134_238.7-239.3s.wav,1.2
p1,135,240.25,240.81,0.56,p1_0135_240.2-240.8s.wav,1.2
p1,136,241.91,242.53,0.62,p1_0136_241.9-242.5s.wav,1.2
p1,137,243.64,244.09,0.45,p1_0137_243.6-244.1s.wav,1.2
p1,138,245.13,245.62,0.49,p1_0138_245.1-245.6s.wav,1.2
p1,139,246.8,247.41,0.61,p1_0139_246.8-247.4s.wav,1.2
p1,140,248.43,249.05,0.62,p1_0140_248.4-249.1s.wav,1.2
p1,141,250.15,250.6,0.45,p1_0141_250.2-250.6s.wav,1. 2
p1,142,251.76,252.24,0.48,p1_0142_251.8-252.2s.wav,1. 2
p1,143,256.08,256.61,0.53,p1_0143_256.1-256.6s.wav,1.2
p1,144,257.7,258.32,0.62,p1_0144_257.7-258.3s.wav,1.2
p1,145,259.4,259.71,0.31,p1_0145_259.4-259.7s.wav,1.2
p1,146,260.92,261.22,0.3,p1_0146_260.9-261.2s.wav,1.2
p1,147,262.64,263.08,0.44,p1_0147_262.6-263.1s.wav,1.2
p1,148,264.22,264.66,0.44,p1_0148_264.2-264.7s.wav,1.2
p1,149,274.59,275.09,0.5,p1_0149_274.6-275.1s.wav,
p1,150,275.96,276.57,0.61,p1_0150_276.0-276.6s.wav,1. 3
p1,151,277.41,277.9,0.49,p1_0151_277.4-277.9s.wav,
p1,152,278.67,279.1,0.43,p1_0152_278.7-279.1s.wav,1.3
p1,153,280.11,280.61,0.5,p1_0153_280.1-280.6s.wav,1. 3
p1,154,281.31,281.8,0.49,p1_0154_281.3-281.8s.wav,1. 3
p1,155,282.84,283.27,0.43,p1_0155_282.8-283.3s.wav,1. 3
p1,156,284.17,284.72,0.55,p1_0156_284.2-284.7s.wav,1. 3
p1,157,285.76,286.27,0.51,p1_0157_285.8-286.3s.wav,1. 3
p1,158,286.99,287.52,0.53,p1_0158_287.0-287.5s.wav,1. 3
p1,159,288.31,288.72,0.41,p1_0159_288.3-288.7s.wav,1. 3
p1,160,289.59,289.91,0.32,p1_0160_289.6-289.9s.wav,1. 3
p1,161,291.03,291.37,0.34,p1_0161_291.0-291.4s.wav,1. 3
p1,162,292.3,292.9,0.6,p1_0162_292.3-292.9s.wav,
p1,163,293.76,294.24,0.48,p1_0163_293.8-294.2s.wav,1.3
p1,164,294.98,295.4,0.42,p1_0164_295.0-295.4s.wav,
p1,165,299.06,299.42,0.36,p1_0165_299.1-299.4s.wav,1. 3
p1,166,300.28,300.58,0.3,p1_0166_300.3-300.6s.wav,1. 3
p1,167,301.5,302.03,0.53,p1_0167_301.5-302.0s.wav,1. 3
p1,168,302.77,303.36,0.59,p1_0168_302.8-303.4s.wav,1. 3
p1,169,304.24,304.83,0.59,p1_0169_304.2-304.8s.wav,1. 3
p1,170,305.34,305.96,0.62,p1_0170_305.3-306.0s.wav,1. 3
p1,171,306.66,307.02,0.36,p1_0171_306.7-307.0s.wav,1. 3
p1,172,307.84,308.35,0.51,p1_0172_307.8-308.4s.wav,1. 3
p1,173,309.23,309.88,0.65,p1_0173_309.2-309.9s.wav,1. 3
p1,174,310.54,311.01,0.47,p1_0174_310.5-311.0s.wav,1. 3
p1,175,311.9,312.3,0.4,p1_0175_311.9-312.3s.wav,1. 3
p1,176,313.25,313.61,0.36,p1_0176_313.2-313.6s.wav,1. 3
p1,177,314.68,315.13,0.45,p1_0177_314.7-315.1s.wav,
p1,178,315.83,316.35,0.52,p1_0178_315.8-316.4s.wav,1. 3
p1,179,317.14,317.6,0.46,p1_0179_317.1-317.6s.wav,
p1,180,318.48,318.91,0.43,p1_0180_318.5-318.9s.wav,1. 3
p1,181,322.08,322.5,0.42,p1_0181_322.1-322.5s.wav,
p1,182,323.11,323.7,0.59,p1_0182_323.1-323.7s.wav,1. 3
p1,183,324.48,324.87,0.39,p1_0183_324.5-324.9s.wav,1. 3
p1,184,325.63,325.96,0.33,p1_0184_325.6-326.0s.wav,1. 3
p1,185,326.91,327.52,0.61,p1_0185_326.9-327.5s.wav,1. 3
p1,186,328.25,328.65,0.4,p1_0186_328.2-328.6s.wav,1. 3
p1,187,329.37,330.02,0.65,p1_0187_329.4-330.0s.wav,1. 3
p1,188,330.79,331.38,0.59,p1_0188_330.8-331.4s.wav,1. 3
p1,189,334.11,334.79,0.68,p1_0189_334.1-334.8s.wav,1. 3
p1,190,335.3,335.97,0.67,p1_0190_335.3-336.0s.wav,1. 3
p1,191,336.63,337.06,0.43,p1_0191_336.6-337.1s.wav,1. 3
p1,192,337.84,338.31,0.47,p1_0192_337.8-338.3s.wav,1. 3
p1,193,339.41,339.96,0.55,p1_0193_339.4-340.0s.wav,1. 3
p1,194,340.72,341.29,0.57,p1_0194_340.7-341.3s.wav,1. 3
p1,195,342.03,342.43,0.4,p1_0195_342.0-342.4s.wav,1. 3
p1,196,343.36,343.95,0.59,p1_0196_343.4-343.9s.wav,1. 3
p1,197,344.96,345.56,0.6,p1_0197_345.0-345.6s.wav,1. 3
p1,198,346.23,346.76,0.53,p1_0198_346.2-346.8s.wav,1. 3
p1,199,347.49,348.19,0.7,p1_0199_347.5-348.2s.wav,1. 3
p1,200,348.8,349.55,0.75,p1_0200_348.8-349.6s.wav,1. 3
p1,201,352.13,352.5,0.37,p1_0201_352.1-352.5s.wav,
p1,202,353.4,354.02,0.62,p1_0202_353.4-354.0s.wav,1. 3
p1,203,354.8,355.42,0.62,p1_0203_354.8-355.4s.wav,
p1,204,356.14,356.58,0.44,p1_0204_356.1-356.6s.wav,1. 3
p1,205,357.59,358.35,0.76,p1_0205_357.6-358.4s.wav,1. 3
p1,206,358.97,359.6,0.63,p1_0206_359.0-359.6s.wav,1. 3
p1,207,360.33,360.84,0.51,p1_0207_360.3-360.8s.wav,1. 3
p1,208,361.67,362.14,0.47,p1_0208_361.7-362.1s.wav,1. 3
p1,209,368.2,368.82,0.62,p1_0209_368.2-368.8s.wav,慢生零满上两十
p1,210,369.61,370.11,0.5,p1_0210_369.6-370.1s.wav,
p1,211,370.91,371.49,0.58,p1_0211_370.9-371.5s.wav,慢生零满上两十
p1,212,372.29,372.94,0.65,p1_0212_372.3-372.9s.wav,慢生零满上两十
p1,213,373.93,374.54,0.61,p1_0213_373.9-374.5s.wav,慢生零满上两十
p1,214,375.31,375.76,0.45,p1_0214_375.3-375.8s.wav,慢生零满上两十
p1,215,376.88,377.15,0.27,p1_0215_376.9-377.1s.wav,慢生零满上两十
p1,216,378.22,378.52,0.3,p1_0216_378.2-378.5s.wav,慢生零满上两十
p1,217,379.82,380.46,0.64,p1_0217_379.8-380.5s.wav,
p1,218,381.15,381.88,0.73,p1_0218_381.1-381.9s.wav,慢生零满上两十
p1,219,382.7,383.31,0.61,p1_0219_382.7-383.3s.wav,慢生零满上两十
p1,220,384.17,384.75,0.58,p1_0220_384.2-384.8s.wav,慢生零满上两十
p1,221,387.32,387.87,0.55,p1_0221_387.3-387.9s.wav,
p1,222,388.78,389.4,0.62,p1_0222_388.8-389.4s.wav,单争赢乱张想军
p1,223,390.17,390.64,0.47,p1_0223_390.2-390.6s.wav,幻冷晴欢忙讲成
p1,224,391.75,392.19,0.44,p1_0224_391.8-392.2s.wav,幻冷晴欢忙讲成
p1,225,393.45,394.03,0.58,p1_0225_393.4-394.0s.wav,幻冷晴欢忙讲成
p1,226,394.9,395.51,0.61,p1_0226_394.9-395.5s.wav,
p1,227,396.33,396.79,0.46,p1_0227_396.3-396.8s.wav,东笼
p1,228,397.74,398.3,0.56,p1_0228_397.7-398.3s.wav,东笼
p1,229,399.39,399.83,0.44,p1_0229_399.4-399.8s.wav,东笼
p1,230,400.76,401.16,0.4,p1_0230_400.8-401.2s.wav,韵母24号
p1,231,402.34,402.81,0.47,p1_0231_402.3-402.8s.wav,韵母24号
p1,232,403.79,404.38,0.59,p1_0232_403.8-404.4s.wav,韵母24号
p1,233,406.56,407.16,0.6,p1_0233_406.6-407.2s.wav,幻冷晴欢忙讲成林
p1,234,407.89,408.55,0.66,p1_0234_407.9-408.6s.wav,幻冷晴欢忙讲成林
p1,235,409.38,409.76,0.38,p1_0235_409.4-409.8s.wav,幻冷晴欢忙讲成林
p1,236,410.68,411.07,0.39,p1_0236_410.7-411.1s.wav,幻冷晴欢忙讲成林
p1,237,412.18,412.36,0.18,p1_0237_412.2-412.4s.wav,幻冷晴欢忙讲成林
p1,238,413.61,414.12,0.51,p1_0238_413.6-414.1s.wav,幻冷晴欢忙讲成林
p1,239,415.09,415.47,0.38,p1_0239_415.1-415.5s.wav,幻冷晴欢忙讲成林
p1,240,416.49,416.86,0.37,p1_0240_416.5-416.9s.wav,幻冷晴欢忙讲成林
p1,241,419.57,420.24,0.67,p1_0241_419.6-420.2s.wav,
p1,242,420.91,421.53,0.62,p1_0242_420.9-421.5s.wav,幻冷一晴欢忙讲成
p1,243,422.44,422.76,0.32,p1_0243_422.4-422.8s.wav,幻冷一晴欢忙讲成
p1,244,423.91,424.36,0.45,p1_0244_423.9-424.4s.wav,幻冷一晴欢忙讲成
p1,245,425.49,426.01,0.52,p1_0245_425.5-426.0s.wav,幻冷一晴欢忙讲成
p1,246,426.84,427.51,0.67,p1_0246_426.8-427.5s.wav,幻冷一晴欢忙讲成
p1,247,428.45,428.76,0.31,p1_0247_428.4-428.8s.wav,幻冷晴欢忙讲成
p1,248,429.9,430.52,0.62,p1_0248_429.9-430.5s.wav,
p1,249,432.53,433.09,0.56,p1_0249_432.5-433.1s.wav,幻冷晴欢忙讲成
p1,250,433.89,434.48,0.59,p1_0250_433.9-434.5s.wav,幻冷晴欢忙讲成
p1,251,435.4,435.85,0.45,p1_0251_435.4-435.9s.wav,幻冷晴欢忙讲成
p1,252,436.65,436.92,0.27,p1_0252_436.6-436.9s.wav,幻冷晴欢忙讲成
p1,253,437.08,437.32,0.24,p1_0253_437.1-437.3s.wav,幻冷晴欢忙讲成
p1,254,438.2,438.85,0.65,p1_0254_438.2-438.9s.wav,幻冷晴欢忙讲成
p1,255,439.72,440.07,0.35,p1_0255_439.7-440.1s.wav,
p1,256,441.2,441.71,0.51,p1_0256_441.2-441.7s.wav,幻冷一晴欢忙讲成
p1,257,442.66,443.33,0.67,p1_0257_442.7-443.3s.wav,幻冷一晴欢忙讲成
p1,258,445.62,446.0,0.38,p1_0258_445.6-446.0s.wav,幻冷一晴欢忙讲成
p1,259,447.12,447.47,0.35,p1_0259_447.1-447.5s.wav,幻冷一晴欢忙讲成
p1,260,448.94,449.29,0.35,p1_0260_448.9-449.3s.wav,幻冷一晴欢忙讲成
p1,261,450.51,451.1,0.59,p1_0261_450.5-451.1s.wav,幻冷一晴一欢忙讲成
p1,262,464.62,465.23,0.61,p1_0262_464.6-465.2s.wav,
p1,263,466.04,466.33,0.29,p1_0263_466.0-466.3s.wav,1. 4
p1,264,467.41,468.09,0.68,p1_0264_467.4-468.1s.wav,1. 4
p1,265,468.8,469.47,0.67,p1_0265_468.8-469.5s.wav,1. 4
p1,266,470.38,471.06,0.68,p1_0266_470.4-471.1s.wav,1.4
p1,267,471.79,472.06,0.27,p1_0267_471.8-472.1s.wav,1.4
p1,268,473.26,473.84,0.58,p1_0268_473.3-473.8s.wav,1.4
p1,269,474.71,475.27,0.56,p1_0269_474.7-475.3s.wav,
p1,270,476.19,476.72,0.53,p1_0270_476.2-476.7s.wav,1. 4
p1,271,477.65,478.15,0.5,p1_0271_477.6-478.1s.wav,1. 4
p1,272,481.61,482.16,0.55,p1_0272_481.6-482.2s.wav,1. 4
p1,273,483.12,483.77,0.65,p1_0273_483.1-483.8s.wav,1. 4
p1,274,484.76,485.44,0.68,p1_0274_484.8-485.4s.wav,
p1,275,486.42,487.09,0.67,p1_0275_486.4-487.1s.wav,1.4
p1,276,488.1,488.34,0.24,p1_0276_488.1-488.3s.wav,1.4
p1,277,489.66,489.88,0.22,p1_0277_489.7-489.9s.wav,
p1,278,490.09,490.28,0.19,p1_0278_490.1-490.3s.wav,
p1,279,491.26,491.9,0.64,p1_0279_491.3-491.9s.wav,1.4
p1,280,492.85,493.46,0.61,p1_0280_492.9-493.5s.wav,1.4
p1,281,495.71,496.55,0.84,p1_0281_495.7-496.6s.wav,1.4
p1,282,497.37,498.18,0.81,p1_0282_497.4-498.2s.wav,1.4
p1,283,498.99,499.72,0.73,p1_0283_499.0-499.7s.wav,1.4
p1,284,500.46,501.17,0.71,p1_0284_500.5-501.2s.wav,1.4
p1,285,502.13,502.75,0.62,p1_0285_502.1-502.8s.wav,1.4
p1,286,503.73,504.36,0.63,p1_0286_503.7-504.4s.wav,1.4
p1,287,507.35,507.74,0.39,p1_0287_507.4-507.7s.wav,1. 4
p1,288,508.95,509.35,0.4,p1_0288_508.9-509.4s.wav,1. 4
p1,289,510.6,511.27,0.67,p1_0289_510.6-511.3s.wav,1. 4
p1,290,512.27,512.48,0.21,p1_0290_512.3-512.5s.wav,
p1,291,513.96,514.42,0.46,p1_0291_514.0-514.4s.wav,1. 4
p1,292,515.45,515.89,0.44,p1_0292_515.5-515.9s.wav,1. 4
p1,293,517.0,517.33,0.33,p1_0293_517.0-517.3s.wav,1. 4
p1,294,518.51,518.85,0.34,p1_0294_518.5-518.9s.wav,1. 4
p1,295,520.06,520.42,0.36,p1_0295_520.1-520.4s.wav,
p1,296,521.53,521.87,0.34,p1_0296_521.5-521.9s.wav,1. 4
p1,297,523.0,523.57,0.57,p1_0297_523.0-523.6s.wav,1. 4
p1,298,524.51,525.07,0.56,p1_0298_524.5-525.1s.wav,1. 4
p1,299,531.9,532.46,0.56,p1_0299_531.9-532.5s.wav,1.4
p1,300,533.43,534.0,0.57,p1_0300_533.4-534.0s.wav,1.4
p1,301,535.13,535.73,0.6,p1_0301_535.1-535.7s.wav,1.4
p1,302,536.7,537.4,0.7,p1_0302_536.7-537.4s.wav,1.4
p1,303,538.5,539.11,0.61,p1_0303_538.5-539.1s.wav,1.4
p1,304,540.04,540.78,0.74,p1_0304_540.0-540.8s.wav,1.4
p1,305,541.72,542.33,0.61,p1_0305_541.7-542.3s.wav,1.4
p1,306,543.34,543.83,0.49,p1_0306_543.3-543.8s.wav,1.4
p1,307,547.21,547.87,0.66,p1_0307_547.2-547.9s.wav,1.4
p1,308,548.81,549.45,0.64,p1_0308_548.8-549.5s.wav,1.4
p1,309,550.38,550.81,0.43,p1_0309_550.4-550.8s.wav,1.4
p1,310,551.94,552.37,0.43,p1_0310_551.9-552.4s.wav,1.4
p1,311,560.75,561.2,0.45,p1_0311_560.8-561.2s.wav,1.4
p1,312,562.26,562.67,0.41,p1_0312_562.3-562.7s.wav,1.4
p1,313,563.85,564.2,0.35,p1_0313_563.9-564.2s.wav,1.4
p1,314,565.43,565.79,0.36,p1_0314_565.4-565.8s.wav,1.4
p1,315,566.87,567.25,0.38,p1_0315_566.9-567.2s.wav,1.4
p1,316,568.24,568.57,0.33,p1_0316_568.2-568.6s.wav,1.4
p1,317,569.76,570.26,0.5,p1_0317_569.8-570.3s.wav,1.4
p1,318,571.14,571.56,0.42,p1_0318_571.1-571.6s.wav,1.4
p1,319,572.81,573.19,0.38,p1_0319_572.8-573.2s.wav,1.4
p1,320,574.41,574.72,0.31,p1_0320_574.4-574.7s.wav,1.4
p1,321,575.88,576.38,0.5,p1_0321_575.9-576.4s.wav,1.4
p1,322,577.31,577.81,0.5,p1_0322_577.3-577.8s.wav,1.4
p1,323,579.09,579.46,0.37,p1_0323_579.1-579.5s.wav,1.4
p1,324,580.58,580.95,0.37,p1_0324_580.6-581.0s.wav,1.4
p1,325,583.6,584.37,0.77,p1_0325_583.6-584.4s.wav,1.4
p1,326,585.29,586.09,0.8,p1_0326_585.3-586.1s.wav,1.4
p1,327,587.09,587.56,0.47,p1_0327_587.1-587.6s.wav,
p1,328,588.67,589.13,0.46,p1_0328_588.7-589.1s.wav,1.4
p1,329,590.1,590.65,0.55,p1_0329_590.1-590.6s.wav,1.4
p1,330,591.57,592.13,0.56,p1_0330_591.6-592.1s.wav,1.4
p1,331,593.18,593.81,0.63,p1_0331_593.2-593.8s.wav,1.4
p1,332,594.64,595.26,0.62,p1_0332_594.6-595.3s.wav,1.4
p1,333,596.13,596.7,0.57,p1_0333_596.1-596.7s.wav,1.4
p1,334,597.59,598.13,0.54,p1_0334_597.6-598.1s.wav,1.4
p1,335,608.05,608.65,0.6,p1_0335_608.0-608.6s.wav,1. 5
p1,336,609.51,610.11,0.6,p1_0336_609.5-610.1s.wav,
p1,337,614.31,614.53,0.22,p1_0337_614.3-614.5s.wav,1.5
p1,338,617.16,617.7,0.54,p1_0338_617.2-617.7s.wav,
p1,339,618.55,619.06,0.51,p1_0339_618.5-619.1s.wav,1. 5
p1,340,620.05,620.57,0.52,p1_0340_620.0-620.6s.wav,1. 5
p1,341,621.44,621.97,0.53,p1_0341_621.4-622.0s.wav,1. 5
p1,342,623.0,623.55,0.55,p1_0342_623.0-623.5s.wav,1. 5
p1,343,625.08,625.33,0.25,p1_0343_625.1-625.3s.wav,
p1,344,626.41,626.67,0.26,p1_0344_626.4-626.7s.wav,1. 5
p1,345,627.96,628.15,0.19,p1_0345_628.0-628.1s.wav,1. 5
p1,346,629.48,629.71,0.23,p1_0346_629.5-629.7s.wav,1. 5
p1,347,630.99,631.21,0.22,p1_0347_631.0-631.2s.wav,1. 5
p1,348,635.05,635.25,0.2,p1_0348_635.0-635.2s.wav,
p1,349,636.44,636.9,0.46,p1_0349_636.4-636.9s.wav,1. 5
p1,350,638.04,638.46,0.42,p1_0350_638.0-638.5s.wav,1. 5
p1,351,642.77,643.18,0.41,p1_0351_642.8-643.2s.wav,1. 5
p1,352,644.1,644.54,0.44,p1_0352_644.1-644.5s.wav,1. 5
p1,353,645.58,646.01,0.43,p1_0353_645.6-646.0s.wav,1. 5
p1,354,647.05,647.47,0.42,p1_0354_647.0-647.5s.wav,1. 5
p1,355,648.52,649.0,0.48,p1_0355_648.5-649.0s.wav,1. 5
p1,356,651.39,651.84,0.45,p1_0356_651.4-651.8s.wav,1. 5
p1,357,652.87,653.19,0.32,p1_0357_652.9-653.2s.wav,1. 5
p1,358,654.18,654.61,0.43,p1_0358_654.2-654.6s.wav,1. 5
p1,359,655.75,656.0,0.25,p1_0359_655.8-656.0s.wav,1. 5
p1,360,657.14,657.44,0.3,p1_0360_657.1-657.4s.wav,1. 5
p1,361,668.97,669.54,0.57,p1_0361_669.0-669.5s.wav,1. 6
p1,362,670.54,671.03,0.49,p1_0362_670.5-671.0s.wav,1. 6
p1,363,672.42,672.67,0.25,p1_0363_672.4-672.7s.wav,1. 6
p1,364,673.64,674.05,0.41,p1_0364_673.6-674.0s.wav,1. 6
p1,365,675.31,675.58,0.27,p1_0365_675.3-675.6s.wav,1.6
p1,366,676.35,676.85,0.5,p1_0366_676.4-676.9s.wav,1.6
p1,367,681.0,681.59,0.59,p1_0367_681.0-681.6s.wav,1.6
p1,368,682.65,683.09,0.44,p1_0368_682.6-683.1s.wav,1.6
p1,369,684.19,684.78,0.59,p1_0369_684.2-684.8s.wav,1.6
p1,370,685.63,686.04,0.41,p1_0370_685.6-686.0s.wav,1.6
p1,371,687.26,687.78,0.52,p1_0371_687.3-687.8s.wav,1.6
p1,372,688.59,688.95,0.36,p1_0372_688.6-689.0s.wav,1.6
p1,373,697.08,697.48,0.4,p1_0373_697.1-697.5s.wav,1. 7
p1,374,698.88,699.52,0.64,p1_0374_698.9-699.5s.wav,1. 7
p1,375,700.52,700.75,0.23,p1_0375_700.5-700.8s.wav,1. 7
p1,376,702.23,702.77,0.54,p1_0376_702.2-702.8s.wav,1. 7
p1,377,703.87,704.46,0.59,p1_0377_703.9-704.5s.wav,1. 7
p1,378,705.52,706.09,0.57,p1_0378_705.5-706.1s.wav,1. 7
p1,379,708.09,708.78,0.69,p1_0379_708.1-708.8s.wav,1. 7
p1,380,709.82,710.56,0.74,p1_0380_709.8-710.6s.wav,
p1,381,711.6,712.28,0.68,p1_0381_711.6-712.3s.wav,1. 7
p1,382,713.27,713.92,0.65,p1_0382_713.3-713.9s.wav,1. 7
p1,383,715.0,715.65,0.65,p1_0383_715.0-715.6s.wav,1. 7
p1,384,723.89,724.37,0.48,p1_0384_723.9-724.4s.wav,1.8
p1,385,725.36,725.95,0.59,p1_0385_725.4-726.0s.wav,1.8
p1,386,727.08,727.66,0.58,p1_0386_727.1-727.7s.wav,1.8
p1,387,728.68,728.94,0.26,p1_0387_728.7-728.9s.wav,1.8
p1,388,730.45,731.07,0.62,p1_0388_730.5-731.1s.wav,1.8
p1,389,732.15,732.44,0.29,p1_0389_732.1-732.4s.wav,1.8
p1,390,734.04,734.74,0.7,p1_0390_734.0-734.7s.wav,1.8
p1,391,735.74,736.49,0.75,p1_0391_735.7-736.5s.wav,1.8
p1,392,738.04,738.22,0.18,p1_0392_738.0-738.2s.wav,1.8
p1,393,738.38,738.72,0.34,p1_0393_738.4-738.7s.wav,1.8
p1,394,739.93,740.32,0.39,p1_0394_739.9-740.3s.wav,
p1,395,741.57,741.77,0.2,p1_0395_741.6-741.8s.wav,1.8
p1,396,742.0,742.21,0.21,p1_0396_742.0-742.2s.wav,1.8
p1,397,743.71,743.91,0.2,p1_0397_743.7-743.9s.wav,1.8
p1,398,747.03,747.63,0.6,p1_0398_747.0-747.6s.wav,1.8
p1,399,748.68,749.13,0.45,p1_0399_748.7-749.1s.wav,1.8
p1,400,750.31,750.94,0.63,p1_0400_750.3-750.9s.wav,1.8
p1,401,752.25,752.98,0.73,p1_0401_752.2-753.0s.wav,1.8
p1,402,754.2,754.72,0.52,p1_0402_754.2-754.7s.wav,1.8
p1,403,755.73,756.31,0.58,p1_0403_755.7-756.3s.wav,1.8
p1,404,757.4,757.79,0.39,p1_0404_757.4-757.8s.wav,1.8
p1,405,758.9,759.45,0.55,p1_0405_758.9-759.5s.wav,1.8
p1,406,761.27,761.72,0.45,p1_0406_761.3-761.7s.wav,1.8
p1,407,763.03,763.62,0.59,p1_0407_763.0-763.6s.wav,1.8
p1,408,773.01,773.28,0.27,p1_0408_773.0-773.3s.wav,1. 9
p1,409,773.44,773.68,0.24,p1_0409_773.4-773.7s.wav,1. 9
p1,410,774.9,775.19,0.29,p1_0410_774.9-775.2s.wav,
p1,411,776.91,777.58,0.67,p1_0411_776.9-777.6s.wav,1. 9
p1,412,778.83,779.49,0.66,p1_0412_778.8-779.5s.wav,1. 9
p1,413,780.78,781.4,0.62,p1_0413_780.8-781.4s.wav,1. 9
p1,414,782.36,782.74,0.38,p1_0414_782.4-782.7s.wav,
p1,415,784.1,784.29,0.19,p1_0415_784.1-784.3s.wav,1. 9
p1,416,784.44,784.68,0.24,p1_0416_784.4-784.7s.wav,1. 9
p1,417,789.0,789.24,0.24,p1_0417_789.0-789.2s.wav,1. 9
p1,418,789.41,789.64,0.23,p1_0418_789.4-789.6s.wav,1. 9
p1,419,790.74,790.93,0.19,p1_0419_790.7-790.9s.wav,1. 9
p1,420,791.12,791.31,0.19,p1_0420_791.1-791.3s.wav,1. 9
p1,421,792.58,793.2,0.62,p1_0421_792.6-793.2s.wav,1. 9
p1,422,794.4,794.98,0.58,p1_0422_794.4-795.0s.wav,1. 9
p1,423,796.18,796.47,0.29,p1_0423_796.2-796.5s.wav,1.9
p1,424,797.82,798.14,0.32,p1_0424_797.8-798.1s.wav,1.9
p1,425,799.62,800.19,0.57,p1_0425_799.6-800.2s.wav,
p1,426,801.29,801.69,0.4,p1_0426_801.3-801.7s.wav,1. 9
p1,427,806.53,806.72,0.19,p1_0427_806.5-806.7s.wav,1. 9
p1,428,808.2,808.66,0.46,p1_0428_808.2-808.7s.wav,1. 9
p1,429,810.13,810.69,0.56,p1_0429_810.1-810.7s.wav,1.9
p1,430,811.93,812.16,0.23,p1_0430_811.9-812.2s.wav,1.9
p1,431,814.18,814.71,0.53,p1_0431_814.2-814.7s.wav,1.9
p1,432,815.85,816.08,0.23,p1_0432_815.9-816.1s.wav,1. 9
p1,433,819.24,819.53,0.29,p1_0433_819.2-819.5s.wav,1. 9
p1,434,821.98,822.43,0.45,p1_0434_822.0-822.4s.wav,1. 9
p1,435,822.68,822.89,0.21,p1_0435_822.7-822.9s.wav,1. 9
p1,436,824.06,824.35,0.29,p1_0436_824.1-824.4s.wav,1. 9
p1,437,825.92,826.11,0.19,p1_0437_825.9-826.1s.wav,1. 9
p1,438,826.39,826.59,0.2,p1_0438_826.4-826.6s.wav,1. 9
p1,439,827.7,828.25,0.55,p1_0439_827.7-828.2s.wav,1. 9
p1,440,829.57,830.01,0.44,p1_0440_829.6-830.0s.wav,
p1,441,831.16,831.44,0.28,p1_0441_831.2-831.4s.wav,1. 9
p1,442,832.93,833.37,0.44,p1_0442_832.9-833.4s.wav,1. 9
p1,443,834.51,834.81,0.3,p1_0443_834.5-834.8s.wav,1. 9
p2,1,0.52,1.33,0.81,p2_0001_0.5-1.3s.wav,常用词汇
p2,2,2.98,3.33,0.35,p2_0002_3.0-3.3s.wav,常用词汇
p2,3,4.79,5.2,0.41,p2_0003_4.8-5.2s.wav,
p2,4,8.41,8.88,0.47,p2_0004_8.4-8.9s.wav,常用词汇
p2,5,10.17,10.72,0.55,p2_0005_10.2-10.7s.wav,常用词汇
p2,6,12.11,12.58,0.47,p2_0006_12.1-12.6s.wav,常用词汇
p2,7,14.04,14.55,0.51,p2_0007_14.0-14.6s.wav,常用词汇
p2,8,16.0,16.24,0.24,p2_0008_16.0-16.2s.wav,常用词汇
p2,9,18.19,18.63,0.44,p2_0009_18.2-18.6s.wav,常用词汇
p2,10,20.15,20.47,0.32,p2_0010_20.1-20.5s.wav,常用词汇
p2,11,22.17,22.68,0.51,p2_0011_22.2-22.7s.wav,常用词汇
p2,12,26.65,27.24,0.59,p2_0012_26.6-27.2s.wav,2.2
p2,13,28.82,29.44,0.62,p2_0013_28.8-29.4s.wav,2.2
p2,14,31.1,31.76,0.66,p2_0014_31.1-31.8s.wav,2.2
p2,15,33.59,34.03,0.44,p2_0015_33.6-34.0s.wav,2.2
p2,16,35.7,36.31,0.61,p2_0016_35.7-36.3s.wav,2.2
p2,17,37.89,38.47,0.58,p2_0017_37.9-38.5s.wav,2.2
p2,18,40.22,40.82,0.6,p2_0018_40.2-40.8s.wav,2.2
p2,19,42.82,43.41,0.59,p2_0019_42.8-43.4s.wav,2.2
p2,20,45.01,45.51,0.5,p2_0020_45.0-45.5s.wav,2.2
p2,21,47.21,47.73,0.52,p2_0021_47.2-47.7s.wav,2.2
p2,22,49.53,50.13,0.6,p2_0022_49.5-50.1s.wav,
p2,23,55.33,55.8,0.47,p2_0023_55.3-55.8s.wav,2.3
p2,24,57.44,57.88,0.44,p2_0024_57.4-57.9s.wav,2.3
p2,25,59.72,60.31,0.59,p2_0025_59.7-60.3s.wav,
p2,26,61.67,62.24,0.57,p2_0026_61.7-62.2s.wav,2.3
p2,27,63.91,64.48,0.57,p2_0027_63.9-64.5s.wav,2.3
p2,28,65.95,66.63,0.68,p2_0028_66.0-66.6s.wav,2.3
p2,29,68.19,68.8,0.61,p2_0029_68.2-68.8s.wav,2.3
p2,30,70.96,71.61,0.65,p2_0030_71.0-71.6s.wav,2.3
p2,31,73.28,73.76,0.48,p2_0031_73.3-73.8s.wav,2.3
p2,32,75.38,75.78,0.4,p2_0032_75.4-75.8s.wav,2.3
p2,33,77.54,78.13,0.59,p2_0033_77.5-78.1s.wav,2.3
p2,34,79.77,79.96,0.19,p2_0034_79.8-80.0s.wav,
p2,35,84.98,85.3,0.32,p2_0035_85.0-85.3s.wav,
p2,36,86.91,87.13,0.22,p2_0036_86.9-87.1s.wav,2.4
p2,37,89.51,89.99,0.48,p2_0037_89.5-90.0s.wav,2.4
p2,38,91.7,92.03,0.33,p2_0038_91.7-92.0s.wav,2.4
p2,39,94.33,94.79,0.46,p2_0039_94.3-94.8s.wav,2.4
p2,40,96.37,97.02,0.65,p2_0040_96.4-97.0s.wav,2.4
p2,41,98.65,99.28,0.63,p2_0041_98.7-99.3s.wav,2.4
p2,42,100.87,101.4,0.53,p2_0042_100.9-101.4s.wav,2.4
p2,43,106.25,106.73,0.48,p2_0043_106.2-106.7s.wav,2.5
p2,44,108.32,108.77,0.45,p2_0044_108.3-108.8s.wav,2.5
p2,45,110.53,111.05,0.52,p2_0045_110.5-111.0s.wav,2.5
p2,46,112.63,113.27,0.64,p2_0046_112.6-113.3s.wav,2.5
p2,47,115.18,115.61,0.43,p2_0047_115.2-115.6s.wav,2.5
p2,48,117.59,118.2,0.61,p2_0048_117.6-118.2s.wav,2.5
p2,49,120.02,120.59,0.57,p2_0049_120.0-120.6s.wav,2.5
p2,50,122.62,122.95,0.33,p2_0050_122.6-123.0s.wav,2.5
p2,51,124.93,125.45,0.52,p2_0051_124.9-125.5s.wav,
p2,52,131.48,132.11,0.63,p2_0052_131.5-132.1s.wav,2.6
p2,53,133.73,134.22,0.49,p2_0053_133.7-134.2s.wav,2.6
p2,54,136.11,136.51,0.4,p2_0054_136.1-136.5s.wav,2.6
p2,55,138.2,138.66,0.46,p2_0055_138.2-138.7s.wav,2.6
p2,56,140.27,140.5,0.23,p2_0056_140.3-140.5s.wav,2.6
p2,57,142.56,143.03,0.47,p2_0057_142.6-143.0s.wav,2.6
p2,58,144.62,144.95,0.33,p2_0058_144.6-144.9s.wav,
p2,59,146.79,147.46,0.67,p2_0059_146.8-147.5s.wav,2.6
p2,60,149.17,149.69,0.52,p2_0060_149.2-149.7s.wav,2.6
p2,61,151.4,151.79,0.39,p2_0061_151.4-151.8s.wav,2.6
p2,62,153.69,154.11,0.42,p2_0062_153.7-154.1s.wav,2.6
p2,63,155.79,156.14,0.35,p2_0063_155.8-156.1s.wav,2.6
p2,64,161.23,161.6,0.37,p2_0064_161.2-161.6s.wav,2.7
p2,65,163.22,163.62,0.4,p2_0065_163.2-163.6s.wav,2.7
p2,66,165.17,165.71,0.54,p2_0066_165.2-165.7s.wav,2.7
p2,67,167.06,167.53,0.47,p2_0067_167.1-167.5s.wav,2.7
p2,68,169.21,169.75,0.54,p2_0068_169.2-169.8s.wav,2.7
p2,69,171.34,171.62,0.28,p2_0069_171.3-171.6s.wav,2.7
p2,70,173.69,174.22,0.53,p2_0070_173.7-174.2s.wav,2.7
p2,71,175.68,176.11,0.43,p2_0071_175.7-176.1s.wav,2.7
p2,72,178.09,178.64,0.55,p2_0072_178.1-178.6s.wav,2.7
p2,73,180.33,180.78,0.45,p2_0073_180.3-180.8s.wav,2.7
p2,74,182.36,183.16,0.8,p2_0074_182.4-183.2s.wav,2.7
p2,75,184.65,185.09,0.44,p2_0075_184.7-185.1s.wav,2.7
p2,76,187.4,187.85,0.45,p2_0076_187.4-187.8s.wav,2.7
p2,77,189.42,189.88,0.46,p2_0077_189.4-189.9s.wav,2.7
p2,78,191.77,192.34,0.57,p2_0078_191.8-192.3s.wav,2.7
p2,79,193.88,194.32,0.44,p2_0079_193.9-194.3s.wav,2.7
p2,80,195.75,196.27,0.52,p2_0080_195.8-196.3s.wav,2.7
p2,81,198.82,199.07,0.25,p2_0081_198.8-199.1s.wav,2.7
p2,82,200.49,200.78,0.29,p2_0082_200.5-200.8s.wav,2.7
p2,83,205.91,206.47,0.56,p2_0083_205.9-206.5s.wav,2.8
p2,84,208.18,208.36,0.18,p2_0084_208.2-208.4s.wav,2.8
p2,85,209.71,210.26,0.55,p2_0085_209.7-210.3s.wav,
p2,86,212.14,212.53,0.39,p2_0086_212.1-212.5s.wav,2.8
p2,87,214.04,214.61,0.57,p2_0087_214.0-214.6s.wav,2.8
p2,88,215.99,216.3,0.31,p2_0088_216.0-216.3s.wav,2.8
p2,89,218.05,218.58,0.53,p2_0089_218.1-218.6s.wav,2.8
p2,90,220.0,220.49,0.49,p2_0090_220.0-220.5s.wav,
p2,91,222.04,222.55,0.51,p2_0091_222.0-222.6s.wav,2.8
p2,92,224.12,224.58,0.46,p2_0092_224.1-224.6s.wav,2.8
p2,93,226.1,226.7,0.6,p2_0093_226.1-226.7s.wav,2.8
p2,94,228.28,228.72,0.44,p2_0094_228.3-228.7s.wav,2.8
p2,95,230.4,230.92,0.52,p2_0095_230.4-230.9s.wav,2.8
p2,96,236.68,237.06,0.38,p2_0096_236.7-237.1s.wav,2.9
p2,97,238.66,239.21,0.55,p2_0097_238.7-239.2s.wav,2.9
p2,98,240.66,241.24,0.58,p2_0098_240.7-241.2s.wav,2.9
p2,99,242.53,243.07,0.54,p2_0099_242.5-243.1s.wav,2.9
p2,100,245.46,246.03,0.57,p2_0100_245.5-246.0s.wav,2.9
p2,101,247.56,247.84,0.28,p2_0101_247.6-247.8s.wav,2.9
p2,102,249.8,250.39,0.59,p2_0102_249.8-250.4s.wav,
p2,103,252.02,252.71,0.69,p2_0103_252.0-252.7s.wav,2.9
p2,104,254.39,254.79,0.4,p2_0104_254.4-254.8s.wav,2.9
p2,105,259.9,260.33,0.43,p2_0105_259.9-260.3s.wav,
p2,106,262.48,262.97,0.49,p2_0106_262.5-263.0s.wav,2.10
p2,107,264.61,265.15,0.54,p2_0107_264.6-265.1s.wav,
p2,108,266.76,267.35,0.59,p2_0108_266.8-267.4s.wav,2.10
p2,109,269.01,269.26,0.25,p2_0109_269.0-269.3s.wav,2.10
p2,110,271.34,271.56,0.22,p2_0110_271.3-271.6s.wav,2.10
p2,111,273.68,274.03,0.35,p2_0111_273.7-274.0s.wav,2.10
p2,112,275.81,276.14,0.33,p2_0112_275.8-276.1s.wav,2.10
p2,113,281.32,281.78,0.46,p2_0113_281.3-281.8s.wav,2.10
p2,114,286.22,286.56,0.34,p2_0114_286.2-286.6s.wav,2.11
p2,115,288.07,288.38,0.31,p2_0115_288.1-288.4s.wav,2.11
p2,116,290.02,290.33,0.31,p2_0116_290.0-290.3s.wav,
p2,117,291.83,292.27,0.44,p2_0117_291.8-292.3s.wav,2.11
p2,118,293.47,293.82,0.35,p2_0118_293.5-293.8s.wav,2.11
p2,119,295.08,295.46,0.38,p2_0119_295.1-295.5s.wav,2.11
p2,120,297.25,297.7,0.45,p2_0120_297.2-297.7s.wav,2.11
p2,121,299.23,299.48,0.25,p2_0121_299.2-299.5s.wav,2.11
p2,122,301.46,302.01,0.55,p2_0122_301.5-302.0s.wav,2.11
p2,123,303.72,304.2,0.48,p2_0123_303.7-304.2s.wav,2.11
p2,124,305.75,306.15,0.4,p2_0124_305.8-306.1s.wav,2.11
p2,125,307.73,308.18,0.45,p2_0125_307.7-308.2s.wav,2.11
p2,126,310.11,310.53,0.42,p2_0126_310.1-310.5s.wav,2.11
p2,127,312.05,312.4,0.35,p2_0127_312.1-312.4s.wav,2.11
p2,128,314.83,315.19,0.36,p2_0128_314.8-315.2s.wav,
p2,129,317.38,317.85,0.47,p2_0129_317.4-317.9s.wav,2.11
p2,130,319.25,319.73,0.48,p2_0130_319.2-319.7s.wav,2.11
p2,131,321.23,321.77,0.54,p2_0131_321.2-321.8s.wav,2.11
p2,132,323.55,324.15,0.6,p2_0132_323.6-324.1s.wav,2.11
p2,133,325.68,326.09,0.41,p2_0133_325.7-326.1s.wav,2.11
p2,134,329.89,330.44,0.55,p2_0134_329.9-330.4s.wav,
p2,135,331.91,332.67,0.76,p2_0135_331.9-332.7s.wav,2.12
p2,136,334.3,335.01,0.71,p2_0136_334.3-335.0s.wav,2.12
p2,137,336.77,337.34,0.57,p2_0137_336.8-337.3s.wav,2.12
p2,138,339.27,339.93,0.66,p2_0138_339.3-339.9s.wav,2.12
p2,139,344.06,344.66,0.6,p2_0139_344.1-344.7s.wav,2.12
p2,140,346.25,346.68,0.43,p2_0140_346.2-346.7s.wav,2.12
p2,141,349.44,349.68,0.24,p2_0141_349.4-349.7s.wav,2.13
p2,142,351.39,351.65,0.26,p2_0142_351.4-351.6s.wav,2.13
p2,143,353.27,353.7,0.43,p2_0143_353.3-353.7s.wav,2.13
p2,144,355.18,355.67,0.49,p2_0144_355.2-355.7s.wav,2.13
p2,145,357.21,357.62,0.41,p2_0145_357.2-357.6s.wav,2.13
p2,146,358.99,359.31,0.32,p2_0146_359.0-359.3s.wav,2.13
p2,147,360.99,361.39,0.4,p2_0147_361.0-361.4s.wav,2.13
p2,148,362.94,363.27,0.33,p2_0148_362.9-363.3s.wav,2.13
p2,149,367.89,368.38,0.49,p2_0149_367.9-368.4s.wav,2.14
p2,150,369.94,370.31,0.37,p2_0150_369.9-370.3s.wav,
p2,151,371.9,372.37,0.47,p2_0151_371.9-372.4s.wav,2.14
p2,152,373.83,374.19,0.36,p2_0152_373.8-374.2s.wav,2.14
p2,153,375.74,376.16,0.42,p2_0153_375.7-376.2s.wav,2.14
p2,154,377.64,378.07,0.43,p2_0154_377.6-378.1s.wav,2.14
p2,155,379.58,379.89,0.31,p2_0155_379.6-379.9s.wav,2.14
p2,156,381.34,381.68,0.34,p2_0156_381.3-381.7s.wav,2.14
p2,157,383.19,383.58,0.39,p2_0157_383.2-383.6s.wav,2.14
p2,158,384.79,385.26,0.47,p2_0158_384.8-385.3s.wav,
p2,159,386.51,387.08,0.57,p2_0159_386.5-387.1s.wav,2.14
p2,160,388.43,388.82,0.39,p2_0160_388.4-388.8s.wav,2.14
p2,161,390.02,390.56,0.54,p2_0161_390.0-390.6s.wav,2.14
p2,162,391.67,391.95,0.28,p2_0162_391.7-391.9s.wav,2.14
p2,163,393.4,393.88,0.48,p2_0163_393.4-393.9s.wav,2.14
p2,164,395.14,395.59,0.45,p2_0164_395.1-395.6s.wav,2.14
p2,165,396.86,397.35,0.49,p2_0165_396.9-397.4s.wav,2.14
p2,166,402.2,402.72,0.52,p2_0166_402.2-402.7s.wav,2.15
p2,167,403.87,404.29,0.42,p2_0167_403.9-404.3s.wav,2.15
p2,168,405.68,406.1,0.42,p2_0168_405.7-406.1s.wav,2.15
p2,169,407.53,408.0,0.47,p2_0169_407.5-408.0s.wav,2.15
p2,170,409.32,409.54,0.22,p2_0170_409.3-409.5s.wav,2.15
p2,171,411.04,411.46,0.42,p2_0171_411.0-411.5s.wav,2.15
p2,172,412.73,413.17,0.44,p2_0172_412.7-413.2s.wav,2.15
p2,173,414.51,414.82,0.31,p2_0173_414.5-414.8s.wav,2.15
p2,174,416.23,416.7,0.47,p2_0174_416.2-416.7s.wav,2.15
p2,175,419.85,420.2,0.35,p2_0175_419.9-420.2s.wav,
p2,176,421.28,421.69,0.41,p2_0176_421.3-421.7s.wav,2.16
p2,177,422.65,423.03,0.38,p2_0177_422.6-423.0s.wav,2.16
p2,178,424.08,424.44,0.36,p2_0178_424.1-424.4s.wav,2.16
p2,179,425.28,425.6,0.32,p2_0179_425.3-425.6s.wav,2.16
p2,180,426.59,426.87,0.28,p2_0180_426.6-426.9s.wav,2.16
p2,181,427.79,428.15,0.36,p2_0181_427.8-428.1s.wav,2.16
p2,182,429.24,429.51,0.27,p2_0182_429.2-429.5s.wav,2.16
p2,183,430.62,430.87,0.25,p2_0183_430.6-430.9s.wav,2.16
p2,184,431.85,432.12,0.27,p2_0184_431.9-432.1s.wav,2.16
p2,185,433.4,433.85,0.45,p2_0185_433.4-433.9s.wav,2.16
p2,186,434.8,435.28,0.48,p2_0186_434.8-435.3s.wav,
p2,187,436.25,436.88,0.63,p2_0187_436.2-436.9s.wav,2.16
p2,188,437.9,438.49,0.59,p2_0188_437.9-438.5s.wav,2.16
p2,189,439.7,440.63,0.93,p2_0189_439.7-440.6s.wav,
p2,190,442.25,442.75,0.5,p2_0190_442.2-442.8s.wav,2.16
p2,191,443.92,444.44,0.52,p2_0191_443.9-444.4s.wav,2.16
p2,192,445.66,446.17,0.51,p2_0192_445.7-446.2s.wav,2.16
p2,193,447.55,448.02,0.47,p2_0193_447.6-448.0s.wav,2.16
