序号,起(s),止(s),时长(s),切片,普通话,通城话,IPA
1,1.0,17.0,16.0,0001.wav,lsiau42tson21dzo?55nin?55tiau2,哒方钓倒。,lsiau42tson21dzo?55nin?55tiau2
2,17.0,37.0,20.0,0002.wav,不，我不抽烟。,不吃烟。,[a.n42bin33s?33dzia?550in21ko
3,37.0,51.0,14.0,0003.wav,吗？b.是，我告诉他,哇得伊听。,la.n42pa42ke24dzien35s)35dzin3
4,51.0,67.0,16.0,0004.wav,你吃米饭还是吃馒头？,哪还是吃馍馍？,[n42s0dzia?55mi42fan35ne35hai
5,67.0,69.0,2.0,0005.wav,你到底答应不答应他？,尔到底答不答应伊？,[n42tau24ti42tai?55pan?55tai?55
6,69.0,71.0,2.0,0006.wav,你到底答应不答应他？,尔到底答不答应伊？,n42tau24ti42tai?55pan55tai?55
7,71.0,77.0,6.0,0007.wav,你到底答应不答应他？,尔到底答不答应伊？,n42tau24ti42tai?55pan?55tai?55
8,77.0,99.0,22.0,0008.wav,部电影了。,叫小强一起去电,[a.tciau214siau42dzion33dan33ta
9,99.0,101.0,2.0,0009.wav,你把碗洗一下。,仇。,[n42dzie214pa420uon42i420i?5
10,101.0,115.0,14.0,0010.wav,你把碗洗一下。,尔去把碗洗一下伤。尔把碗去洗一下,[n42dzie214pa420uon426i420i?5
11,115.0,117.0,2.0,0011.wav,没吃。,橘子个皮剥落伤，但是有吃。,[0ie42pa42tsy?tsj0ko0bi33po?55
12,117.0,131.0,14.0,0012.wav,没吃。,橘子个皮剥落仇，但是有吃。,[0ie42pa42tsy?tsj0ko0bi33po?55
13,131.0,133.0,2.0,0013.wav,没吃。,橘子个皮剥落仇，但是有吃。,[0ie42pa42tsy?ts0ko0bi33po?55
14,133.0,145.0,12.0,0014.wav,调。,伊伤把教室颠装上伤空调。,[0ie42de0pa42tciau24s1?550ia?5
15,145.0,157.0,12.0,0015.wav,帽子被风吹走了。,帽子把得风吹起走伤。,[mau35de0pa42te35fan21dy21dzi
16,157.0,173.0,16.0,0016.wav,伤。,牙者把得伊打伤伤。,[tson21min33ko0pau21pa42te35f
17,173.0,175.0,2.0,0017.wav,去了。,快要落雨，思伤莫出去伤。,"[0uai24iau35no?550y42de0,n42"
18,175.0,177.0,2.0,0018.wav,去了。,快要落雨伤，思伤莫出去伤。,"[Quai240iau35no?550y42de0,n42"
19,177.0,187.0,10.0,0019.wav,去了。,快要落雨伤，思伤莫出去伤。,"[0uai240iau35no?550y42de0,n42"
20,187.0,205.0,18.0,0020.wav,吧。,格只毛太仇，把伊丢落得吧。,[ke214tsa?55mau33fu?55de0dai2
21,205.0,217.0,12.0,0021.wav,票。,我是在车站买个车票。,[no42de0sj0dzai35dza21tsan214
22,217.0,231.0,14.0,0022.wav,墙上贴着一张地图。,图。,[pia?55son0die?55tau0i?55tson
23,231.0,251.0,20.0,0023.wav,i?55ko0nau42nin33ne00un214n,个床上。,[dzon33son00un214tau00i?55ko0
24,251.0,257.0,6.0,0024.wav,214i24ny33tse0dzai350iou?55,在个港下仇育。,[kon21ha0de00iou42hau42to21i
25,257.0,267.0,10.0,0025.wav,214i24ny33tse0dzai350iou?55,在个港下仇育。,[kon21ha0de00iou42hau42to216i
26,267.0,269.0,2.0,0026.wav,小男孩。,一个胖个男崽仇走前底起过来。,[oi55ko0nan?55bon214tse0ko0n
27,269.0,287.0,18.0,0027.wav,小男孩。,一个您胖个男崽走前底起过来仇。,[Oi?55ko0nan?55bon214tse0ko0n
28,287.0,291.0,4.0,0028.wav,猪。,下者死伤三只猪。,[0ie420u?55de00i?55ha0tse0s]4
29,291.0,301.0,10.0,0029.wav,猪。,下者死三只猪。,[0ie420u?55de00i?55ha0tse0s14
30,301.0,303.0,2.0,0030.wav,猪。,下者死伤三只猪。,[0ie420u?55de00i?55ha0tse0s]4
31,303.0,317.0,14.0,0031.wav,去。/这辆汽车要开去广,格张汽车要开得广州去。,[ke214tson21dzi24dza210iau214
32,317.0,331.0,14.0,0032.wav,天了。,学惠伤坐汽车坐伤两日梗个伤。,ho?55sn0tsai42de0dzo35dzi24
33,331.0,347.0,16.0,0033.wav,吧。,伊做个点心再走撒。,[n42s]214ha35tse00ie42ts]214ko
34,347.0,349.0,2.0,0034.wav,tin42sin21tsai24tciau42sa0。1,伊做个点心再走撒。,[n42s]214ha35tse00ie42ts]214ko
35,349.0,365.0,16.0,0035.wav,a.你在唱什么？b.我没,录音啰。,[n42dzai35dzon214mo42de00o35
36,365.0,367.0,2.0,0036.wav,过没有？b.没有，我没,我有吃过。,[a.no42dzia?55kuo35dou24de0ni
37,367.0,373.0,6.0,0037.wav,过没有？b.没有，我没,我有吃过。,[a.no42dzia?55kuo35dou24de0ni
38,373.0,377.0,4.0,0038.wav,过没有？b.没有，我没,我有吃过。,[a.no42dzia?55kuo35dou24de0ni
39,377.0,391.0,14.0,0039.wav,篮球了。,我洗伤澡，今日不打篮球伤。,"[no42si42de0tsau42de0,tsin21n,in"
40,391.0,393.0,2.0,0040.wav,214son214kuo350i?55pin214,我算得太快算错伤让我算过一遍伤。,Ino42son214te35dai214huai214s
41,393.0,409.0,16.0,0041.wav,214son214kuo350i?55pin214,我算得太快算错伤让我算过一遍伤。,lno42son214te35dai214huai214s
42,409.0,413.0,4.0,0042.wav,了。,伊一高兴就唱起歌来伤。,[0ie420i?55kau21in214dziou35d
43,413.0,421.0,8.0,0043.wav,了。,伊一高兴就唱起歌来伤。,[0ie420i?55kau21gin214dziou35d
44,421.0,423.0,2.0,0044.wav,着?,侯子在讲我伤老师哦？,[tcion21nai35tsj0s0na214ko35dz
45,423.0,439.0,16.0,0045.wav,着?,侯子在讲我仇老师哦？,[tsion21nai35tsj0sj0na214ko35dz
46,439.0,455.0,16.0,0046.wav,去。,半，还要接倒写下去。,"[ts1?55sia42de00i?55pon214,hai3"
47,455.0,457.0,2.0,0047.wav,"n35,hai33dzia?550i?550uon42pa",碗饭，再吃一碗伤,[n42ts?55dzia?550i?550uon42fa
48,457.0,465.0,8.0,0048.wav,"n35,hai33dzia?550i?550uon42pa",碗饭，再吃一碗伤,[n42ts}?55dzia?550i?550uon42fa
49,465.0,467.0,2.0,0049.wav,"n35,hai33dzia?550i?550uon42pa",碗饭，再吃一碗伤,[n42ts}?55dzia?550i?550uon42fa
50,467.0,473.0,6.0,0050.wav,"n35,hai33dzia?550i?550uon42pa",碗饭，再吃一碗伤,[n42ts}?55dzia?550i?550uon42fa
51,473.0,475.0,2.0,0051.wav,"n35,hai33dzia?550i?550uon42pa",碗饭，再吃一碗伤,[n42ts}?55dzia?550i?550uon42fa
52,475.0,487.0,12.0,0052.wav,遍。,细看遍仇。,"[n,ion35tsai42de0mo42de0gisn21"
53,487.0,489.0,2.0,0053.wav,遍。,细看遍仇。,[nion35tsai42de0mo42de0sisn21
54,489.0,493.0,4.0,0054.wav,睡着了。,伊在看电视看了看了困着伤。,[0ie42dzai35han214dien35s]35ha
55,493.0,501.0,8.0,0055.wav,睡着了。,伊在看电视看了看了困着伤。,[0ie42dzai35han214dicn35s]35ha
56,501.0,515.0,14.0,0056.wav,够花？,尔算下者，格点钱有不有伤？,"[n42son214ha35tse0,ke24tin42d"
57,515.0,517.0,2.0,0057.wav,书吧？,老师把伤一本蒙厚个书得尔伤吧。,[nau42s0pa42de00i?55pan42ma
58,517.0,523.0,6.0,0058.wav,书吧？,老师把伤一本蒙厚个书得尔伤吧。,[nau42s}0pa42de00i?55pan42ma
59,523.0,529.0,6.0,0059.wav,书吧?,老师把伤一本蒙厚个书得尔伤吧。,[nau42s}0pa42de00i?55pan42ma
60,529.0,531.0,2.0,0060.wav,块钱呢。,块钱把得个卖药个缺去仇。,[Oie42ko35mai350io?55ko0dzn?
61,531.0,533.0,2.0,0061.wav,块钱呢。,块钱把得个卖药个缺去仇。,[Qie42ko35mai350io755ko0dzn?
62,533.0,543.0,10.0,0062.wav,块钱呢。,块钱把得个卖药个缺去仇。,[Qie42ko35mai350io?55ko0dzn?
63,543.0,545.0,2.0,0063.wav,块钱呢。,块钱把得个卖药个缺去仇。,[Qie42ko35mai350io755ko0dzn?
64,545.0,547.0,2.0,0064.wav,块钱呢。,块钱把得个卖药个缺去仇。,[0ie42ko35mai350io?55ko0dzn?
65,547.0,561.0,14.0,0065.wav,块钱。b.我上个月借了,借仇伊三百块钱。,[a.no42son35ko0nn?55tsia214d
66,561.0,563.0,2.0,0066.wav,块钱。b.我上个月借了,借伤伊三百块钱。,la.no42son35ko0nn?55tsia214d
67,563.0,579.0,16.0,0067.wav,好。b.王先生的刀开得,得蛮好。,[a.0uon33sien21sen0ko0tau21hai
68,579.0,581.0,2.0,0068.wav,很好。,得蛮好。,[a.0uon33sien21sen0ko0tau21hai
69,581.0,583.0,2.0,0069.wav,自己。,别人，只能怪自己。,"[no42pan?55nn33kuai214n,in33k"
70,583.0,593.0,10.0,0070.wav,自己。,别人，只能怪自己。,"[no42pan?55nn33kuai214n,in33k"
71,593.0,597.0,4.0,0071.wav,自己。,别人，只能怪自己。,"[no42pan?55nn33kuai214n,in33k"
72,597.0,601.0,4.0,0072.wav,自己。,别人，只能怪自己。,"[no42pan?55nn33kuai214n,in33k"
73,601.0,603.0,2.0,0073.wav,妈？D.找着他不云来,计伊不会来。,"[a.mian33n,in?550uon33tsin21di4"
74,603.0,607.0,4.0,0074.wav,妈？D.找着他不云米,计伊不会来。,"[a.mian33n,in?550uon33tsin21di4"
75,607.0,613.0,6.0,0075.wav,妈？D.找着他不云来℃,计伊不会来。,"[a.mian33n,in?550uon33tsin21di4"
76,613.0,617.0,4.0,0076.wav,妈？D.找着他不云米℃,计伊不会来。,"[a.mian33n,in?550uon33tsin21di4"
77,617.0,621.0,4.0,0077.wav,妈？D.找着他不云来℃,计伊不会来。,"[a.mian33n,in?550uon33tsin21di4"
78,621.0,623.0,2.0,0078.wav,妈？D.找着他不云来,计伊不会来。,"[a.mian33n,in?550uon33tsin21di4"
79,623.0,637.0,14.0,0079.wav,这里运家具呢？,我伤用么伤车走南京苦=格伤运家具伤？,[no42de00ion35mo42de0dza21t6
80,637.0,649.0,12.0,0080.wav,发上。,伊学倒个病人伤样靠在个沙发上。,"[Oi42ho?55tau0ko35bian35n,in33"
81,649.0,663.0,14.0,0081.wav,累坏的。,格样做么伤连个后生家都会累坏个。,[ke2140ion35ts}214mo42de0disn
82,663.0,679.0,16.0,0082.wav,慢走回学校了。,只能自己慢慢者走得学笼去伤。,[0ie42diau214son35mo755pan21
83,679.0,681.0,2.0,0083.wav,慢走回学校了。,只能自己慢慢者走得学笼去伤。,[0ie42diau214son35mo?55pan21
84,681.0,693.0,12.0,0084.wav,这是谁写的诗？谁猜出,励哪个十块钱。,lke24s0na42ko0sia42ko0s/21?
85,693.0,697.0,4.0,0085.wav,这是谁写的诗？谁猜出,励哪个十块钱。,[ke24s0na42ko0sia42ko0s/21?
86,697.0,711.0,14.0,0086.wav,的舅舅写的。,个。,no42pa42te35n42ko0fy21sno42
87,711.0,713.0,2.0,0087.wav,高。,伊比尔更觉高。,[n42pi42no42kau21'
88,713.0,721.0,8.0,0088.wav,高。,伊比尔更觉高。,[n42pi42no42kau21’
89,721.0,729.0,8.0,0089.wav,高。,伊比尔更觉高。,[n42pi42no42kau21，
90,729.0,731.0,2.0,0090.wav,Oi?550ion35tse0kau21。],老王跟老张一样者高。,[nau420uon33kisn21nau42tson21
91,731.0,743.0,12.0,0091.wav,Oi?550ion35tse0kau21。,老王跟老张一样者高。,[nau420uon33kin21nau42tson21
92,743.0,745.0,2.0,0092.wav,一会儿。,先走伤，尔伤俩个人多坐一伙者吃。,[no42sin21tsiau42de0，
93,745.0,747.0,2.0,0093.wav,一会儿。,先走伤，尔伤俩个人多坐一伙者吃。,[no42in21tsiau42de0
94,747.0,751.0,4.0,0094.wav,Oi?55fo42ts0,先走伤，尔伤俩个人多坐一伙者吃。,[no42in21tsiau42de0
95,751.0,757.0,6.0,0095.wav,一会儿。,先走伤，尔伤俩个人多坐一伙者吃。,no42sisn21tiau42de0，
96,757.0,759.0,2.0,0096.wav,Oi?55fo42ts0,先走伤，尔伤俩个人多坐一伙者吃。,[no42in21tsiau42de0
97,759.0,761.0,2.0,0097.wav,Oi?55fo42ts0,先走伤，尔伤俩个人多坐一伙者吃。,[no42in21tsiau42de0
98,761.0,771.0,10.0,0098.wav,过这个家仪。,生赢。,[no420ua35pan?55te350ie420ian
99,771.0,781.0,10.0,0099.wav,过这个家伙。,生赢。,[no420ua35pan?55te350ie420ian
100,781.0,799.0,18.0,0100.wav,"tcin21n,in?550iau214to21mai42t6",上次只买得一本书，今日要多买几本。,[son35dz)35ts}?55mai42de00i?55
101,799.0,801.0,2.0,0101.wav,"tsin21n,in?550iau214to21mai42t6",上次只买得一本书，今日要多买几本。,[son35dz)35ts1?55mai42de00i?55
102,801.0,805.0,4.0,0102.wav,"tsin21n,in?550iau214to21mai42t6",上次只买得一本书，今日要多买几本。,[son35dz)35ts}?55mai42de00i?55
